IMDB ID,Title,Type of Media,Year,Country,Genre,Awards,Production Company,Rating,Metascore,IMDB Rating,# of Votes
tt1320304,30 Days of Night: Dark Days,movie,2010,USA,"Horror, Thriller",2 wins.,SPE Acquisitions,R,N/A,4.4,"11,772"
tt0858411,2001 Maniacs: Field of Screams,movie,2010,USA,"Comedy, Horror",N/A,First Look Studios,R,N/A,3.2,"2,161"
tt1753422,Alice in Murderland,movie,2010,USA,"Horror, Thriller",N/A,Sterling Entertainment,Not Rated,N/A,1.8,865
tt1100051,Bereavement,movie,2010,USA,"Crime, Horror, Thriller",4 wins.,Crimson Films,R,N/A,5.1,"6,320"
tt0947798,Black Swan,movie,2010,USA,"Drama, Thriller",Won 1 Oscar. Another 91 wins & 257 nominations.,Fox Searchlight,R,79,8.0,"660,992"
tt1543752,Blood Junkie,movie,2010,USA,"Adventure, Comedy, Horror",N/A,Troma,N/A,N/A,5.7,204
tt1148200,Chain Letter,movie,2009,USA,Horror,N/A,New Films International,R,N/A,4.1,"4,844"
tt0455407,The Crazies,movie,2010,"USA, United Arab Emirates","Horror, Thriller",11 nominations.,Overture Films,R,55,6.5,"106,068"
NA,NA,NA,NA,NA,NA,NA,NA,NA,NA,NA,NA
tt1408363,Dead Exit,movie,2009,USA,"Short, Action, Horror",1 win & 1 nomination.,N/A,N/A,N/A,7.3,15
NA,NA,NA,NA,NA,NA,NA,NA,NA,NA,NA,NA
tt2294629,Frozen,movie,2013,USA,"Animation, Adventure, Comedy, Family, Fantasy, Musical",Won 2 Oscars. Another 77 wins & 57 nominations.,Walt Disney Pictures,PG,74,7.5,"527,763"
tt1654833,Hard Ride to Hell,movie,2010,USA,"Action, Horror",N/A,Reunion Pictures,Not Rated,N/A,4.0,"1,026"
tt1270835,Hatchet II,movie,2010,USA,"Action, Comedy, Horror, Thriller",4 nominations.,Dark Sky Films,R,49,5.5,"11,630"
tt1568927,I Am Virgin,movie,2010,USA,Comedy,N/A,N/A,N/A,N/A,2.2,914
tt1242432,I Spit on Your Grave,movie,2010,USA,"Horror, Thriller",2 nominations.,Anchor Bay Films,R,27,6.3,"70,499"
tt1591095,Insidious,movie,2010,"USA, Canada, UK","Horror, Mystery, Thriller",8 wins & 15 nominations.,FilmDistrict,PG-13,52,6.8,"261,028"
tt1594921,L.A. Zombie,movie,2010,"USA, Germany","Adult, Horror",1 win & 1 nomination.,Strand Releasing,Not Rated,N/A,3.5,446
tt1320244,The Last Exorcism,movie,2010,"France, USA","Horror, Mystery, Thriller",7 wins & 10 nominations.,Lionsgate,PG-13,63,5.6,"46,387"
tt1504443,Mongolian Death Worm,movie,2010,USA,"Action, Adventure, Comedy, Horror, Sci-Fi, Thriller",N/A,Black Chrome Productions,TV-14,N/A,3.3,"1,387"
tt0872230,My Soul to Take,movie,2010,USA,"Horror, Mystery, Thriller",1 nomination.,Universal Pictures,R,25,4.8,"18,767"
tt0087800,A Nightmare on Elm Street,movie,1984,USA,Horror,2 wins & 3 nominations.,New Line Cinema,R,76,7.5,"189,482"
tt1536044,Paranormal Activity 2,movie,2010,USA,Horror,1 win & 2 nominations.,Paramount Pictures,R,53,5.6,"94,696"
NA,NA,NA,NA,NA,NA,NA,NA,NA,NA,NA,NA
tt1298594,The Presence,movie,2010,USA,"Drama, Horror, Thriller",1 win.,LionsGate Entertainment,PG-13,N/A,4.4,"2,926"
tt1504467,Puppet Master: Axis of Evil,movie,2010,USA,"Fantasy, Horror, Sci-Fi, Thriller, War",N/A,Full Moon,Not Rated,N/A,4.3,"1,260"
tt1093906,The Rig,movie,2010,USA,"Action, Adventure, Horror, Sci-Fi, Thriller",N/A,Anchor Bay Entertainment,R,N/A,3.2,"1,851"
tt0462516,Satan Hates You,movie,2010,USA,Horror,N/A,N/A,Not Rated,N/A,4.6,203
NA,NA,NA,NA,NA,NA,NA,NA,NA,NA,NA,NA
tt0942384,Shelter,movie,2007,USA,"Drama, Romance, Sport",11 wins.,Regent Releasing,R,66,7.7,"19,780"
tt1464580,Stake Land,movie,2010,USA,"Drama, Horror, Sci-Fi",2 wins & 11 nominations.,IFC,R,66,6.5,"39,148"
tt0074811,The Tenant,movie,1976,"France, USA","Drama, Thriller",2 nominations.,Paramount Pictures,R,N/A,7.7,"35,107"
tt1129441,ThanksKilling,movie,2009,USA,"Comedy, Horror, Thriller",N/A,Gravitas,Not Rated,N/A,4.2,"3,600"
tt0247141,Tucker,series,2000–2001,USA,Comedy,N/A,NA,N/A,N/A,7.4,298
tt1369706,The Ward,movie,2010,USA,"Horror, Mystery, Thriller",N/A,Arc Entertainment,R,38,5.6,"38,768"
tt0780653,The Wolfman,movie,2010,USA,"Drama, Fantasy, Horror, Thriller",Won 1 Oscar. Another 3 wins & 8 nominations.,Universal Pictures,R,43,5.8,"99,351"
tt1610996,Absentia,movie,2011,USA,"Drama, Horror, Mystery",12 wins & 4 nominations.,Phase 4 Films,R,N/A,5.8,"15,761"
tt1566637,The Afflicted,movie,2011,USA,"Horror, Thriller",N/A,Gravitas,Not Rated,N/A,4.6,"1,119"
tt1836212,All Superheroes Must Die,movie,2011,USA,"Sci-Fi, Thriller",N/A,Image Entertainment,Unrated,N/A,3.9,"2,012"
tt1772240,Apollo 18,movie,2011,"USA, Canada","Horror, Mystery, Sci-Fi, Thriller",1 win & 2 nominations.,The Weinstein Company,PG-13,24,5.2,"52,042"
tt1212452,Bag of Bones,series,2011,USA,"Drama, Horror, Mystery, Thriller",2 wins & 2 nominations.,NA,TV-14,N/A,5.8,"8,058"
tt1663625,Bloody Bloody Bible Camp,movie,2012,USA,"Comedy, Horror",N/A,Maltauro Entertainment,Not Rated,N/A,4.6,729
tt1727252,Chillerama,movie,2011,USA,"Comedy, Horror, Sci-Fi",1 win.,Image Entertainment,Not Rated,N/A,5.7,"3,898"
tt1947998,Dear God No!,movie,2011,USA,"Comedy, Horror",3 wins.,Big World Pictures,Not Rated,N/A,4.5,"1,520"
tt1701990,Detention,movie,2011,USA,"Comedy, Horror, Mystery, Sci-Fi, Thriller",4 nominations.,IDP Distribution,R,45,5.8,"14,266"
tt1270761,Don't Be Afraid of the Dark,movie,2010,"USA, Australia, Mexico","Fantasy, Horror, Thriller",4 nominations.,Miramax Films,R,56,5.5,"44,810"
tt1502404,Drive Angry,movie,2011,USA,"Action, Crime, Fantasy, Sci-Fi, Thriller",1 win & 6 nominations.,Summit Entertainment,R,44,5.4,"91,096"
tt1013860,Dylan Dog: Dead of Night,movie,2010,USA,"Action, Comedy, Crime, Fantasy, Horror, Mystery, Sci-Fi, Thriller",1 nomination.,Freestyle Releasing,PG-13,31,5.1,"14,258"
tt1772850,Exit 33,movie,2011,USA,Horror,N/A,N/A,Not Rated,N/A,3.1,213
tt1622979,Final Destination 5,movie,2011,"USA, Canada, Singapore, Hong Kong",Horror,2 wins & 6 nominations.,Warner Bros.,R,50,5.8,"100,264"
tt1438176,Fright Night,movie,2011,USA,"Comedy, Horror",2 wins & 8 nominations.,Walt Disney Pictures,R,64,6.3,"95,816"
tt1716747,Hellraiser: Revelations,movie,2011,USA,Horror,N/A,Cinedigm Entertainment,R,N/A,2.7,"6,491"
tt1255916,Hostel: Part III,movie,2011,USA,Horror,N/A,Sony Pictures Home Entertainment,R,N/A,4.6,"25,966"
tt2287781,I Was a Teenage Werebear,movie,2011,USA,"Short, Comedy, Horror",N/A,N/A,N/A,N/A,5.7,119
tt1594562,The Innkeepers,movie,2011,USA,"Drama, Horror, Mystery",2 wins & 5 nominations.,Magnolia Pictures,R,64,5.4,"31,499"
tt1778304,Paranormal Activity 3,movie,2011,USA,"Horror, Mystery, Thriller",1 win & 6 nominations.,Paramount Pictures,R,59,5.8,"86,673"
tt1699231,Quarantine 2: Terminal,movie,2011,USA,"Horror, Mystery, Sci-Fi, Thriller",1 nomination.,Sony Pictures Home Entertainment,R,N/A,5.2,"17,584"
tt1486185,Red Riding Hood,movie,2011,"USA, Canada","Fantasy, Horror, Mystery, Romance, Thriller",5 nominations.,Warner Bros.,PG-13,29,5.4,"103,655"
tt0873886,Red State,movie,2011,USA,"Action, Crime, Horror, Thriller",3 wins & 7 nominations.,SModcast Pictures,R,50,6.2,"59,844"
tt1262416,Scream 4,movie,2011,USA,"Horror, Mystery",1 win & 6 nominations.,The Weinstein Company/Dimension,R,52,6.1,"120,184"
tt1633356,Shark Night 3D,movie,2011,USA,"Horror, Thriller",1 nomination.,Relativity Media,PG-13,22,4.0,"23,545"
tt1980257,Stitched,movie,2011,USA,"Short, Horror",N/A,FilmBuff,N/A,N/A,6.3,17
tt1621446,The Task,movie,2011,USA,Horror,N/A,AfterDark Films,R,N/A,4.3,"3,177"
tt0084787,The Thing,movie,1982,USA,"Horror, Mystery, Sci-Fi",3 nominations.,Universal Pictures,R,57,8.1,"338,201"
tt1756851,Twixt,movie,2011,USA,"Comedy, Fantasy, Horror, Mystery",1 nomination.,American Zoetrope,R,40,4.8,"9,713"
tt0323808,The Wicker Tree,movie,2011,UK,"Drama, Horror",N/A,Anchor Bay Entertianment,R,N/A,3.9,"2,317"
tt1714208,The Woman,movie,2011,USA,Horror,12 wins & 4 nominations.,Bloody Disgusting Films,R,58,6.0,"20,444"
tt1853739,You're Next,movie,2011,"USA, UK","Horror, Mystery, Thriller",11 wins & 20 nominations.,Lionsgate,R,66,6.5,"81,033"
tt2043757,2-Headed Shark Attack,movie,2012,USA,"Action, Adventure, Comedy, Horror, Sci-Fi, Thriller",N/A,WARNER BROTHERS PICTURES,R,N/A,2.5,"6,188"
NA,NA,NA,NA,NA,NA,NA,NA,NA,NA,NA,NA
tt1935896,The ABCs of Death,movie,2012,"USA, New Zealand","Comedy, Horror",1 win & 1 nomination.,Magnolia Pictures,Not Rated,43,4.7,"17,103"
tt1071809,The Amazing Adventures of the Living Corpse,movie,2012,USA,"Animation, Action, Fantasy",N/A,STARZ MEDIA LLC.,R,N/A,3.7,199
tt1736040,Awake in the Woods,movie,2015,USA,"Horror, Thriller",N/A,N/A,N/A,N/A,3.0,61
tt2272350,The Battery,movie,2012,USA,"Adventure, Drama, Horror",9 wins & 2 nominations.,N/A,Not Rated,N/A,6.4,"7,671"
tt1713476,The Bay,movie,2012,USA,"Horror, Sci-Fi, Thriller",1 win & 1 nomination.,Roadside Attraction,R,65,5.6,"23,857"
tt1740725,Bigfoot: The Lost Coast Tapes,movie,2012,USA,"Horror, Mystery, Thriller",N/A,Xlrator Media,Not Rated,N/A,4.5,"2,225"
tt1663625,Bloody Bloody Bible Camp,movie,2012,USA,"Comedy, Horror",N/A,Maltauro Entertainment,Not Rated,N/A,4.6,729
tt1259521,The Cabin in the Woods,movie,2011,USA,Horror,20 wins & 33 nominations.,Lionsgate Films,R,72,7.0,"345,710"
tt1991245,Chernobyl Diaries,movie,2012,USA,"Horror, Mystery, Thriller",1 nomination.,Warner Bros. Pictures,R,N/A,5.0,"61,716"
tt1748227,The Collection,movie,2012,USA,"Horror, Thriller",N/A,LD Entertainment,R,38,6.1,"43,119"
tt1825728,Cross Bearer,movie,2013,USA,Horror,2 wins.,N/A,N/A,N/A,3.3,405
tt1077368,Dark Shadows,movie,2012,"USA, Australia, UK","Comedy, Fantasy, Horror",2 wins & 13 nominations.,Warner Bros. Pictures,PG-13,55,6.2,"233,761"
tt1560985,The Devil Inside,movie,2012,USA,Horror,2 wins & 3 nominations.,Paramount Pictures,R,18,4.2,"33,833"
tt2659416,Evil Head,movie,2012,USA,"Adult, Horror",2 wins & 7 nominations.,N/A,X,N/A,6.5,24
tt1984153,Excision,movie,2012,USA,"Comedy, Drama, Horror",11 wins & 12 nominations.,Anchor Bay Films,Not Rated,N/A,6.1,"19,374"
tt0249516,Foodfight!,movie,2012,USA,"Animation, Action, Comedy, Family, Fantasy, Mystery",N/A,Lionsgate Films,PG,N/A,1.6,"8,734"
tt1651123,Foreclosure,movie,2014,USA,Horror,N/A,N/A,NOT RATED,N/A,5.4,36
tt2149360,Found,movie,2012,USA,"Drama, Horror, Thriller",25 wins & 8 nominations.,Xlrator Media,Unrated,41,5.8,"3,474"
tt1142977,Frankenweenie,movie,2012,USA,"Animation, Comedy, Family, Horror, Sci-Fi",Nominated for 1 Oscar. Another 11 wins & 49 nominations.,Walt Disney Pictures,PG,74,6.9,"91,398"
tt2231554,Grave Encounters 2,movie,2012,"Canada, USA",Horror,N/A,Tribeca Films,Not Rated,N/A,5.1,"21,276"
tt1783732,John Dies at the End,movie,2012,USA,"Comedy, Horror, Sci-Fi",2 wins & 6 nominations.,Magnolia Pictures,R,53,6.4,"34,811"
tt2415470,Killer Kart,movie,2012,USA,"Short, Comedy, Horror",18 wins & 7 nominations.,N/A,N/A,N/A,7.0,314
tt1731697,The Lords of Salem,movie,2012,"USA, UK, Canada","Horror, Thriller",1 win & 3 nominations.,Anchor Bay Films,R,57,5.1,"25,834"
tt1707392,Lovely Molly,movie,2011,USA,"Drama, Horror",1 win & 5 nominations.,Image Entertainment,R,50,5.3,"8,881"
tt1763264,No One Lives,movie,2012,"USA, UK","Horror, Thriller",1 nomination.,Anchor Bay Films,R,26,6.0,"17,168"
tt2040560,The Pact,movie,2012,USA,"Horror, Mystery, Thriller",2 nominations.,IFC Films,R,54,5.8,"22,444"
tt2109184,Paranormal Activity 4,movie,2012,USA,"Horror, Mystery, Thriller",2 wins.,Paramount Pictures,R,40,4.6,"59,399"
tt1714203,Piranha 3DD,movie,2012,"USA, Japan","Comedy, Horror",2 wins & 5 nominations.,The Weinstein Co.,R,24,3.7,"37,881"
tt0431021,The Possession,movie,2012,"USA, Canada","Horror, Mystery, Thriller",6 nominations.,Lionsgate Films,PG-13,45,5.9,"54,279"
tt1446714,Prometheus,movie,2012,"USA, UK","Adventure, Mystery, Sci-Fi",Nominated for 1 Oscar. Another 6 wins & 46 nominations.,20th Century Fox,R,64,7.0,"546,304"
tt1833879,Scary or Die,movie,2012,USA,Horror,N/A,Canal Street Films,R,N/A,3.9,"3,556"
tt1767382,Silent House,movie,2011,"France, USA","Drama, Horror, Mystery, Thriller",1 win & 2 nominations.,Open Road Films,R,49,5.2,"21,071"
tt2347497,Silent Night,movie,2012,"Canada, USA","Comedy, Horror, Mystery, Thriller",N/A,Anchor Bay Films,R,53,5.2,"6,978"
tt1922777,Sinister,movie,2012,"USA, UK","Horror, Mystery, Thriller",3 wins & 13 nominations.,Lionsgate Films,R,53,6.8,"202,867"
tt2025667,Smiley,movie,2012,USA,"Comedy, Horror",1 nomination.,Fever Productions,R,25,3.4,"8,147"
tt2106675,ThanksKilling 3,movie,2012,USA,"Comedy, Horror",N/A,Gravitas Ventures,NOT RATED,N/A,3.2,608
tt1496025,Underworld Awakening,movie,2012,"USA, Canada","Action, Adventure, Drama, Fantasy, Horror, Sci-Fi",1 win.,Screen Gems,R,39,6.4,"140,017"
tt2105044,V/H/S,movie,2012,USA,"Horror, Thriller",5 nominations.,Magnolia Pictures,R,55,5.8,"54,173"
tt2178927,Alpha Girls,movie,2013,USA,"Action, Horror, Sci-Fi",N/A,N/A,R,N/A,3.4,315
tt2378453,Avenged,movie,2013,USA,"Action, Fantasy, Horror, Thriller",1 win & 3 nominations.,Uncork&#39;d Entertainment,N/A,N/A,5.5,"3,140"
tt2357866,Axeman,movie,2013,USA,Horror,N/A,Midnight Releasing,N/A,N/A,3.4,200
tt2274570,Bad Milo,movie,2013,USA,"Comedy, Horror",1 win & 4 nominations.,Magnolia Pictures,R,62,5.6,"6,532"
tt0074285,Carrie,movie,1976,USA,Horror,Nominated for 2 Oscars. Another 3 wins & 5 nominations.,United Artists,R,85,7.4,"156,692"
tt2230358,Curse of Chucky,movie,2013,"USA, Canada","Horror, Thriller",2 wins & 1 nomination.,Universal Studios Home Entertainment,R,58,5.6,"31,523"
tt1457767,The Conjuring,movie,2013,USA,"Horror, Mystery, Thriller",15 wins & 22 nominations.,Warner Bros. Pictures,R,68,7.5,"410,485"
tt2387433,Dark Skies,movie,2013,USA,"Horror, Sci-Fi, Thriller",N/A,The Weinstein Company,PG-13,50,6.3,"66,618"
tt2401215,The Demon's Rook,movie,2013,USA,"Adventure, Fantasy, Horror",1 win & 3 nominations.,Tribeca Films,TV-MA,N/A,5.3,254
tt1288558,Evil Dead,movie,2013,USA,"Fantasy, Horror, Thriller",6 wins & 18 nominations.,TriStar Pictures,R,57,6.5,"148,249"
NA,NA,NA,NA,NA,NA,NA,NA,NA,NA,NA,NA
tt1870419,Hatchet III,movie,2013,USA,"Action, Comedy, Horror, Thriller",1 nomination.,MPI Media Group,R,25,5.6,"7,691"
tt1457765,The Haunting in Connecticut 2: Ghosts of Georgia,movie,2013,USA,"Drama, Horror, Mystery, Thriller",N/A,The Film Arcade,R,26,5.3,"15,454"
tt2537176,I Spit on Your Grave 2,movie,2013,USA,"Horror, Thriller",N/A,Anchor Bay Entertainment,R,N/A,5.7,"24,859"
tt2620736,Jug Face,movie,2013,USA,"Drama, Horror, Thriller",1 nomination.,Modern Distributors,R,58,5.2,"6,382"
tt2034139,The Last Exorcism Part II,movie,2013,"France, USA","Horror, Thriller",1 win & 2 nominations.,CBS Films,PG-13,35,4.0,"15,288"
tt2768874,Phantom of the Woods,movie,2013,USA,"Drama, Horror, Thriller",N/A,N/A,NOT RATED,N/A,4.1,108
tt1572315,Texas Chainsaw 3D,movie,2013,USA,"Horror, Thriller",2 wins & 7 nominations.,Lionsgate Films,R,N/A,4.8,"42,494"
tt2450186,V/H/S/2,movie,2013,"USA, Canada, Indonesia","Horror, Thriller",1 win & 7 nominations.,Magnet Releasing,R,49,6.0,"34,059"
tt2309021,We Are What We Are,movie,2013,"USA, France","Drama, Horror, Thriller",5 wins & 11 nominations.,Entertainment One,R,71,5.9,"18,738"
tt2885364,Willow Creek,movie,2013,USA,"Horror, Mystery, Thriller",1 nomination.,MPI Media Group,Not Rated,62,5.1,"9,645"
tt0816711,World War Z,movie,2013,"USA, UK, Malta","Action, Adventure, Horror, Sci-Fi, Thriller",3 wins & 24 nominations.,Paramount Pictures,PG-13,63,7.0,"563,868"
tt2926810,ABCs of Death 2,movie,2014,"USA, New Zealand, Canada, Israel, Japan","Comedy, Horror",1 nomination.,Magnet Releasing,Not Rated,53,5.4,"7,468"
tt3322940,Annabelle,movie,2014,USA,"Horror, Mystery, Thriller",3 wins & 7 nominations.,New Line Cinema,R,37,5.4,"129,718"
tt2620490,Army of Frankensteins,movie,2013,USA,"Adventure, Horror, Sci-Fi",10 wins & 16 nominations.,N/A,Not Rated,N/A,2.7,492
tt2870612,"As Above, So Below",movie,2014,USA,"Horror, Mystery, Thriller",1 win & 6 nominations.,Universal Pictures,R,38,6.2,"68,876"
tt2446318,Bag Boy Lover Boy,movie,2014,USA,"Comedy, Horror",4 wins.,N/A,N/A,N/A,5.5,257
tt0770182,IWA East Coast: Battle of the Butchers,movie,2004,USA,Sport,N/A,N/A,N/A,N/A,N/A,N/A
NA,NA,NA,NA,NA,NA,NA,NA,NA,NA,NA,NA
tt2376440,The Cabining,movie,2014,USA,"Comedy, Horror, Thriller",5 wins & 8 nominations.,Indican Pictures,Unrated,N/A,6.3,862
tt2428170,Creep,movie,2014,USA,"Horror, Thriller",4 wins & 3 nominations.,Radius-TWC,R,74,6.3,"33,118"
tt2377322,Deliver Us from Evil,movie,2014,USA,"Horror, Mystery, Thriller",2 wins & 4 nominations.,Sony Pictures,R,40,6.2,"64,968"
tt2752758,Devil's Due,movie,2014,USA,"Horror, Mystery, Thriller",3 nominations.,20th Century Fox,R,34,4.1,"15,569"
tt1418377,"I, Frankenstein",movie,2014,"USA, Australia","Action, Fantasy, Horror, Sci-Fi, Thriller",1 nomination.,Lionsgate Films,PG-13,30,5.1,"75,644"
tt2300975,Jessabelle,movie,2014,USA,"Horror, Thriller",N/A,Lionsgate Films,PG-13,37,5.4,"21,204"
tt2581244,Life After Beth,movie,2014,USA,"Comedy, Fantasy, Horror, Romance",6 nominations.,A24 and DIRECTV,R,50,5.6,"18,523"
tt2388715,Oculus,movie,2013,USA,"Horror, Mystery",3 wins & 16 nominations.,Relativity Media,R,61,6.5,"109,591"
tt2473682,Paranormal Activity: The Marked Ones,movie,2014,USA,"Horror, Mystery, Thriller",3 nominations.,Paramount Pictures,R,42,5.0,"37,706"
tt2975578,The Purge: Anarchy,movie,2014,"USA, France","Action, Horror, Sci-Fi, Thriller",2 wins & 6 nominations.,Universal Pictures,R,50,6.4,"128,690"
tt3106120,See No Evil 2,movie,2014,"USA, Canada","Action, Horror, Thriller",2 nominations.,Lionsgate Films,R,N/A,4.7,"5,523"
tt3062074,Sharknado 2: The Second One,movie,2014,USA,"Action, Adventure, Comedy, Horror, Sci-Fi, Thriller",N/A,NCM Fathom,TV-14,N/A,4.0,"16,986"
tt4540456,Slit,movie,2015,USA,"Short, Horror",N/A,N/A,NOT RATED,N/A,5.3,36
tt0042994,Stage Fright,movie,1950,"UK, USA","Film-Noir, Thriller",2 wins & 1 nomination.,IMAX,Approved,N/A,7.1,"11,468"
tt3304756,Strange Blood,movie,2015,USA,"Horror, Sci-Fi",N/A,N/A,Not Rated,N/A,3.0,825
tt0301978,Ten,movie,2002,"Iran, France",Drama,3 nominations.,Zeitgeist Films,Not Rated,86,7.5,"6,178"
tt3161308,Through the Devil's Eyes,movie,2014,USA,"Horror, Mystery, Thriller",N/A,N/A,NOT RATED,N/A,5.2,10
tt2561546,The Town That Dreaded Sundown,movie,2014,USA,"Horror, Mystery, Thriller",2 wins & 1 nomination.,MGM,R,47,5.6,"12,620"
tt3099498,Tusk,movie,2014,USA,"Comedy, Drama, Horror",2 wins & 7 nominations.,A24 Films,R,55,5.3,"42,379"
tt2784512,Zombeavers,movie,2014,USA,"Action, Adventure, Comedy, Horror, Sci-Fi, Thriller",N/A,Freestyle Releasing,R,44,4.8,"15,161"
tt0475937,The Abandoned,movie,2006,"Spain, UK, Bulgaria","Horror, Mystery, Thriller",1 nomination.,Lionsgate Films/Afterdark Films,R,42,5.6,"12,120"
tt3280916,The Atticus Institute,movie,2015,USA,Horror,N/A,Anchor Bay Entertainment,Not Rated,N/A,5.5,"7,819"
tt1230213,Bound to Vengeance,movie,2015,USA,"Horror, Thriller",N/A,IFC Films,Not Rated,27,5.6,"5,157"
tt4509084,"Bullets, Fangs and Dinner at 8",movie,2015,USA,"Comedy, Crime, Horror, Thriller",3 wins & 5 nominations.,N/A,Not Rated,N/A,4.9,23
tt2554274,Crimson Peak,movie,2015,"Canada, USA","Drama, Fantasy, Horror, Mystery, Romance, Thriller",6 wins & 39 nominations.,Universal Pictures,R,66,6.5,"121,934"
tt3816458,Dead Rising: Watchtower,movie,2015,USA,"Action, Horror",N/A,Sony Pictures Entertainment,Not Rated,N/A,5.2,"7,856"
tt1841642,Demonic,movie,2015,USA,"Horror, Thriller",1 nomination.,Gatlin Pictures,R,N/A,5.3,"12,384"
tt2118624,The Final Girls,movie,2015,USA,"Comedy, Drama, Fantasy, Horror, Thriller",6 wins & 13 nominations.,Stage 6 Films,PG-13,59,6.6,"31,054"
tt2309260,The Gallows,movie,2015,USA,"Horror, Mystery, Thriller",1 nomination.,New Line Cinema,R,30,4.2,"17,974"
tt4178092,The Gift,movie,2015,"USA, Australia, China","Drama, Mystery, Thriller",2 wins & 12 nominations.,STX Entertainment,R,77,7.0,"126,572"
tt1051904,Goosebumps,movie,2015,"USA, Australia","Adventure, Comedy, Family, Fantasy, Horror",4 nominations.,Sony Pictures,PG,60,6.3,"74,979"
tt3195644,Insidious: Chapter 3,movie,2015,"Canada, UK, USA","Horror, Mystery, Thriller",3 wins & 10 nominations.,Focus Features,PG-13,52,6.1,"85,980"
tt2400463,The Invitation,movie,2015,USA,"Drama, Horror, Mystery, Thriller",4 wins & 14 nominations.,Drafthouse Films,Not Rated,74,6.6,"75,538"
tt3850590,Krampus,movie,2015,USA,"Comedy, Drama, Fantasy, Horror",4 wins & 14 nominations.,Universal Pictures,PG-13,49,6.1,"56,742"
tt4820312,Krampus: The Reckoning,movie,2015,USA,Horror,N/A,FunHouse Features,N/A,N/A,2.4,"1,127"
tt2918436,The Lazarus Effect,movie,2015,USA,"Horror, Mystery, Sci-Fi, Thriller",2 nominations.,N/A,PG-13,31,5.2,"38,561"
tt1881002,Maggie,movie,2015,"USA, Switzerland","Drama, Horror",1 win & 4 nominations.,Lionsgate Films,PG-13,52,5.6,"39,457"
tt2473510,Paranormal Activity: The Ghost Dimension,movie,2015,USA,"Horror, Mystery, Thriller",1 win & 4 nominations.,Paramount Pictures,R,30,4.6,"22,883"
tt0084516,Poltergeist,movie,1982,USA,"Horror, Thriller",Nominated for 3 Oscars. Another 4 wins & 4 nominations.,MGM Home Entertainment,PG,79,7.3,"131,862"
tt5113986,Rorschach,movie,2015,USA,"Horror, Mystery",N/A,N/A,N/A,N/A,5.7,389
tt1727776,Scouts Guide to the Zombie Apocalypse,movie,2015,USA,"Action, Comedy, Horror",5 nominations.,Broken Road Productions,R,32,6.3,"41,331"
tt3899796,Sharknado 3: Oh Hell No!,movie,2015,USA,"Action, Adventure, Comedy, Horror, Sci-Fi, Thriller",2 nominations.,The Asylum,TV-14,N/A,4.1,"11,081"
tt2752772,Sinister 2,movie,2015,"USA, UK","Horror, Mystery, Thriller",1 win & 3 nominations.,Focus Features,R,32,5.3,"43,874"
tt4180514,Tremors 5: Bloodlines,movie,2015,"South Africa, USA","Action, Adventure, Comedy, Horror, Sci-Fi, Thriller",N/A,Universal 1440 Entertainment,PG-13,N/A,5.3,"5,914"
tt3567288,The Visit,movie,2015,USA,"Horror, Mystery, Thriller",1 win & 14 nominations.,Universal Pictures,PG-13,55,6.2,"104,643"
tt3857092,Volumes of Blood,movie,2015,USA,"Comedy, Drama, Horror",1 win & 1 nomination.,N/A,NOT RATED,N/A,4.6,103
tt3520418,We Are Still Here,movie,2015,USA,Horror,1 win & 20 nominations.,Dark Sky Films,Not Rated,65,5.7,"15,926"
tt4263482,The Witch,movie,2015,"USA, Brazil, UK, Canada","Horror, Mystery",41 wins & 64 nominations.,A24 Films,R,83,6.8,"164,697"
tt3333870,Antibirth,movie,2016,"Canada, USA","Comedy, Horror, Mystery, Sci-Fi",2 nominations.,Traverse Media,Not Rated,56,4.9,"2,801"
tt3289956,The Autopsy of Jane Doe,movie,2016,UK,"Horror, Mystery, Thriller",7 wins & 9 nominations.,IFC Films,R,65,6.8,"81,464"
tt1082807,The Belko Experiment,movie,2016,USA,"Horror, Thriller",N/A,BH Tilt,R,44,6.1,"39,552"
tt1540011,Blair Witch,movie,2016,"Canada, USA","Horror, Mystery, Thriller",7 nominations.,Vertigo Entertainment,R,47,5.0,"38,288"
tt4813254,Blood of the Tribades,movie,2016,USA,"Fantasy, Horror",8 wins & 13 nominations.,N/A,N/A,N/A,5.5,337
tt3882082,The Boy,movie,2016,"USA, Canada, China","Horror, Mystery, Thriller",6 nominations.,STX Entertainment,PG-13,42,6.0,"71,146"
tt5222646,The Blackout Experiments,movie,2016,USA,"Documentary, Horror",N/A,Ferocious Entertainment,Not Rated,49,4.3,270
tt0303816,Cabin Fever,movie,2002,USA,Horror,2 wins & 12 nominations.,Lion&#39;s Gate Films,R,56,5.6,"70,986"
tt0775440,Cell,movie,2016,USA,"Action, Drama, Horror, Sci-Fi, Thriller",N/A,Saban Films,R,38,4.3,"22,830"
tt3065204,The Conjuring 2,movie,2016,"Canada, USA, UK","Horror, Mystery, Thriller",4 wins & 13 nominations.,Warner Bros. Pictures,R,65,7.3,"204,719"
tt1878841,The Darkness,movie,2016,USA,"Horror, Thriller",N/A,N/A,PG-13,27,4.4,"12,741"
tt4405860,Dead 7,movie,2016,USA,"Comedy, Horror, Western",N/A,The Asylum,TV-14,N/A,3.1,"1,131"
tt3384350,The Devil's Dolls,movie,2016,USA,"Horror, Thriller",N/A,N/A,Not Rated,N/A,4.3,"1,410"
tt4160708,Don't Breathe,movie,2016,"USA, Hungary","Crime, Horror, Thriller",7 wins & 21 nominations.,Ghost House Pictures,R,71,7.1,"195,852"
tt3113696,Don't Kill It,movie,2016,USA,"Action, Comedy, Fantasy, Horror",N/A,N/A,Not Rated,N/A,5.2,"3,766"
tt5225338,The Eyes of My Mother,movie,2016,USA,"Drama, Horror",5 wins & 10 nominations.,Magnet Releasing,R,63,6.2,"9,940"
tt4972582,Split,movie,2016,"Japan, USA","Horror, Thriller",8 wins & 19 nominations.,Universal Pictures,PG-13,62,7.3,"380,558"
tt5131906,Fender Bender,movie,2016,USA,"Horror, Thriller",N/A,Brainstorm Media,Not Rated,N/A,4.9,"2,046"
tt3387542,The Forest,movie,2016,USA,"Horror, Mystery, Thriller",1 nomination.,Gramercy Pictures,PG-13,34,4.8,"37,316"
tt4419364,Holidays,movie,2016,USA,"Fantasy, Horror, Mystery",3 nominations.,Distant Corners Entertainment Group,Not Rated,50,5.1,"9,126"
tt2224026,Home,movie,2015,USA,"Animation, Adventure, Comedy, Family, Fantasy, Sci-Fi",2 wins & 9 nominations.,DreamWorks Animation,PG,55,6.6,"87,078"
tt5022702,Hush,movie,2016,USA,"Horror, Thriller",2 wins & 7 nominations.,Intrepid Pictures,R,67,6.6,"85,071"
tt5714322,Krampus Unleashed,movie,2016,USA,Horror,N/A,FunHouse Features,N/A,N/A,2.4,425
tt4786282,Lights Out,movie,2016,USA,"Drama, Horror, Mystery, Thriller",3 wins & 9 nominations.,RatPac-Dune Entertainment,PG-13,58,6.3,"104,638"
tt3908142,The Love Witch,movie,2016,USA,"Comedy, Horror, Romance, Thriller",3 wins & 3 nominations.,Oscilloscope Laboratories,Unrated,82,6.2,"10,141"
tt1029234,Martyrs,movie,2008,"France, Canada",Horror,7 wins & 8 nominations.,Bir Film,R,N/A,7.1,"76,554"
tt4520364,Morgan,movie,2016,USA,"Action, Horror, Sci-Fi, Thriller",2 nominations.,Scott Free Films,R,48,5.8,"36,585"
tt4361050,Ouija: Origin of Evil,movie,2016,"USA, China, Japan","Drama, Horror, Mystery, Thriller",2 wins & 6 nominations.,Universal Pictures,PG-13,65,6.1,"48,663"
tt3627704,Phantasm: Ravager,movie,2016,USA,"Action, Fantasy, Horror",2 nominations.,Well Go USA Entertainment,Not Rated,48,5.0,"3,090"
tt1374989,Pride and Prejudice and Zombies,movie,2016,"USA, UK","Action, Comedy, Fantasy, Horror, Romance",1 win & 3 nominations.,Sony Pictures,PG-13,45,5.8,"47,395"
tt4094724,The Purge: Election Year,movie,2016,"USA, Japan","Action, Horror, Sci-Fi, Thriller",6 nominations.,Universal Pictures,R,55,6.0,"82,778"
tt5207320,"Sweet, Sweet Lonely Girl",movie,2016,USA,"Drama, Horror, Thriller",N/A,N/A,Not Rated,N/A,5.4,597
tt3533916,The Veil,movie,2016,USA,Horror,N/A,Blumhouse Productions,R,N/A,4.7,"6,993"
tt6211920,Volumes of Blood: Horror Stories,movie,2016,USA,Horror,N/A,N/A,N/A,N/A,N/A,N/A
tt3604156,Aliens: Zone of Silence,movie,2017,"USA, Mexico","Horror, Mystery, Sci-Fi",N/A,Punch Media,TV-MA,N/A,3.5,424
tt1935897,Amityville: The Awakening,movie,2017,USA,"Horror, Thriller",N/A,Dimension Films,PG-13,42,4.8,"11,386"
tt5140878,Annabelle: Creation,movie,2017,USA,"Horror, Mystery, Thriller",3 nominations.,New Line Cinema,R,62,6.5,"99,841"
tt1082807,The Belko Experiment,movie,2016,USA,"Horror, Thriller",N/A,BH Tilt,R,44,6.1,"39,552"
tt4030600,The Bye Bye Man,movie,2017,"USA, China","Drama, Fantasy, Horror, Mystery, Thriller",N/A,STX Entertainment,PG-13,37,4.3,"18,667"
tt3654796,Creep 2,movie,2017,USA,"Horror, Thriller",2 wins & 1 nomination.,The Orchard,Not Rated,75,6.4,"14,676"
tt3280262,Cult of Chucky,movie,2017,USA,"Comedy, Fantasy, Horror, Thriller",1 nomination.,Universal 1440 Entertainment,R,69,5.2,"18,439"
tt0339736,The Evil Within,movie,2017,USA,Horror,3 wins.,N/A,Not Rated,N/A,5.5,"2,508"
tt0099582,Flatliners,movie,1990,USA,"Drama, Horror, Sci-Fi, Thriller",Nominated for 1 Oscar. Another 2 nominations.,Sony Pictures Home Entertainment,R,55,6.6,"76,068"
tt5308322,Happy Death Day,movie,2017,USA,"Horror, Mystery, Thriller",1 nomination.,Universal Studios,PG-13,58,6.5,"97,109"
tt5052448,Get Out,movie,2017,"USA, Japan","Horror, Mystery, Thriller",Won 1 Oscar. Another 122 wins & 181 nominations.,Universal Pictures,R,84,7.7,"427,075"
tt1396484,It,movie,2017,"USA, Canada",Horror,4 wins & 30 nominations.,Warner Bros. Pictures,R,69,7.3,"404,288"
tt6104206,Jackals,movie,2017,USA,"Horror, Thriller",N/A,Shout! Factory Films,Not Rated,33,5.4,"3,519"
NA,NA,NA,NA,NA,NA,NA,NA,NA,NA,NA,NA
tt3348730,Jigsaw,movie,2017,"USA, Canada","Horror, Mystery, Thriller",N/A,Lionsgate,R,39,5.8,"60,078"
tt6131712,Kuso,movie,2017,USA,"Animation, Comedy, Drama, Fantasy, Horror",N/A,Shudder,Not Rated,51,5.0,"1,186"
tt2620590,Leatherface,movie,2017,USA,"Crime, Horror, Thriller",N/A,Lionsgate,R,40,5.0,"17,338"
tt2937366,Little Evil,movie,2017,USA,"Comedy, Horror",1 nomination.,Bluegrass Films,TV-MA,N/A,5.7,"16,509"
tt5109784,Mother!,movie,2017,USA,"Drama, Horror, Mystery",5 wins & 30 nominations.,Paramount Pictures,R,75,6.6,"167,450"
tt6574272,Phoenix Forgotten,movie,2017,USA,"Horror, Mystery, Sci-Fi, Thriller",1 nomination.,Cinelou Films,PG-13,33,5.2,"4,941"
tt0498381,Rings,movie,2017,USA,"Drama, Horror, Mystery, Romance, Thriller",2 wins.,Paramount Pictures,PG-13,25,4.5,"35,228"
tt4058910,Romeo's Distress,movie,2015,USA,"Drama, Horror, Thriller",N/A,N/A,N/A,N/A,N/A,N/A
tt6298780,Sharknado 5: Global Swarming,movie,2017,USA,"Action, Adventure, Comedy, Fantasy, Horror, Sci-Fi, Thriller",N/A,Syfy,TV-14,N/A,3.9,"4,717"
tt3717252,Underworld: Blood Wars,movie,2016,USA,"Action, Adventure, Fantasy, Horror, Sci-Fi, War",N/A,Lakeshore Entertainment,R,23,5.8,"64,742"
tt3522198,Unlisted Owner,movie,2013,USA,"Drama, Horror, Thriller",N/A,Lawford County Productions,N/A,N/A,3.5,167
tt5322012,Wish Upon,movie,2017,"USA, Canada","Drama, Fantasy, Horror, Mystery, Thriller",N/A,Broad Green Pictures,PG-13,32,5.0,"15,664"
tt3322892,XX,movie,2017,"Canada, USA",Horror,1 nomination.,XYZ Films,R,64,4.5,"10,138"
tt4312842,American Exorcist,movie,2018,USA,"Comedy, Horror",N/A,South Fellini,TV-MA,N/A,2.6,133
tt2798920,Annihilation,movie,2018,"UK, USA","Adventure, Drama, Horror, Mystery, Sci-Fi, Thriller",N/A,Paramount Pictures,R,79,6.9,"243,560"
tt3203528,Bad Samaritan,movie,2018,USA,"Crime, Horror, Thriller",N/A,Electric Entertainment,R,42,6.4,"14,803"
tt6224502,Boarding School,movie,2018,USA,"Horror, Mystery",N/A,Momentum Pictures,R,45,5.7,"2,277"
tt8361028,Cam,movie,2018,USA,"Horror, Mystery, Thriller",N/A,N/A,TV-MA,71,5.9,"19,819"
tt5565634,Children of the Corn: Runaway,movie,2018,USA,Horror,N/A,N/A,Not Rated,N/A,3.8,668
tt2548396,The Cloverfield Paradox,movie,2018,USA,"Drama, Horror, Mystery, Sci-Fi, Thriller",N/A,Netflix,PG-13,37,5.5,"86,554"
tt3053228,Day of the Dead: Bloodline,movie,2018,"Bulgaria, USA",Horror,N/A,Saban Films,R,N/A,3.4,"8,742"
tt2069797,Delirium,movie,2018,USA,"Horror, Thriller",N/A,Appian Way Productions,R,N/A,5.7,"4,994"
tt6133466,The First Purge,movie,2018,USA,"Action, Horror, Sci-Fi, Thriller",N/A,Universal Pictures,R,54,5.1,"45,566"
tt5664636,Goosebumps 2: Haunted Halloween,movie,2018,"USA, UK","Adventure, Comedy, Family, Fantasy, Horror",N/A,Columbia Pictures,PG,53,5.6,"13,931"
tt0077651,Halloween,movie,1978,USA,"Horror, Thriller",5 wins & 2 nominations.,Compass International Pictures,R,81,7.8,"210,029"
tt5476182,Hellraiser: Judgment,movie,2018,USA,Horror,N/A,Dimension Films,Not Rated,N/A,4.3,"4,158"
tt7784604,Hereditary,movie,2018,USA,"Drama, Horror, Mystery, Thriller",N/A,Windy Hill Pictures,R,87,7.3,"179,286"
tt5726086,Insidious: The Last Key,movie,2018,"Canada, USA","Horror, Mystery, Thriller",N/A,Universal Pictures,PG-13,49,5.7,"45,551"
tt6998518,Mandy,movie,2018,"UK, Belgium, USA","Action, Fantasy, Horror, Mystery, Thriller",N/A,RLJE Films,Not Rated,81,6.6,"49,559"
tt5462326,Mom and Dad,movie,2017,"USA, UK","Comedy, Horror, Thriller",1 win & 1 nomination.,N/A,R,59,5.5,"17,052"
tt5814060,The Nun,movie,2018,USA,"Horror, Mystery, Thriller",N/A,Warner Bros. Pictures,R,46,5.3,"100,569"
tt7608028,The Open House,movie,2018,USA,"Horror, Thriller",N/A,Netflix,TV-MA,N/A,3.2,"26,875"
tt4530422,Overlord,movie,2018,"USA, Canada","Action, Adventure, Horror, Mystery, Sci-Fi, War",N/A,Paramount Pictures,R,60,6.6,"67,775"
tt3458254,Patient Zero,movie,2018,UK,"Action, Drama, Horror, Sci-Fi",N/A,Vertical Entertainment,R,N/A,4.4,"6,309"
tt3829266,The Predator,movie,2018,"Canada, USA","Action, Adventure, Sci-Fi, Thriller",N/A,20th Century Fox,R,48,5.4,"103,222"
tt5685006,Puppet Master: The Littlest Reich,movie,2018,"UK, USA","Comedy, Horror",N/A,RLJE Films,Not Rated,52,5.4,"2,825"
tt6644200,A Quiet Place,movie,2018,USA,"Drama, Horror, Sci-Fi",N/A,Paramount Pictures,PG-13,82,7.5,"330,728"
tt5690360,Slender Man,movie,2018,USA,"Horror, Mystery, Thriller",N/A,Screen Gems,PG-13,30,3.2,"21,928"
tt1285009,The Strangers: Prey at Night,movie,2018,"UK, USA",Horror,N/A,Aviron Pictures,R,48,5.2,"23,353"
tt6772950,Truth or Dare,movie,2018,USA,"Horror, Thriller",N/A,Universal Pictures,PG-13,35,5.1,"37,055"
tt4761916,Unfriended: Dark Web,movie,2018,"USA, Russia","Horror, Mystery, Thriller",N/A,BH Tilt,R,53,5.9,"16,154"
tt7153766,Unsane,movie,2018,USA,"Drama, Horror, Mystery, Thriller",N/A,Fingerprint Releasing and Bleecker Street,R,63,6.4,"34,467"
tt5085924,Wildling,movie,2018,USA,"Drama, Fantasy, Horror, Thriller",N/A,IFC Midnight,R,58,5.5,"9,882"
tt1072748,Winchester,movie,2018,"Australia, USA","Biography, Drama, Fantasy, Horror, Mystery, Thriller",N/A,CBS Films,PG-13,28,5.4,"25,981"
tt8134742,3 from Hell,movie,2019,USA,Horror,N/A,Lionsgate,R,50,5.7,"5,667"
tt8350360,Annabelle Comes Home,movie,2019,USA,"Horror, Mystery, Thriller",N/A,New Line Cinema,R,53,6.0,"37,499"
tt7752126,Brightburn,movie,2019,USA,"Drama, Horror, Mystery, Sci-Fi",N/A,Screen Gems,R,44,6.2,"50,885"
tt0094862,Child's Play,movie,1988,USA,"Horror, Thriller",2 wins & 3 nominations.,United Artists,R,58,6.6,"81,246"
tt8364368,Crawl,movie,2019,"USA, Serbia, Canada","Action, Drama, Horror, Thriller",N/A,Paramount Pictures,R,60,6.2,"34,618"
tt5886046,Escape Room,movie,2019,"USA, South Africa","Action, Adventure, Horror, Mystery, Thriller",N/A,Columbia Pictures,PG-13,48,6.3,"58,913"
tt8155288,Happy Death Day 2U,movie,2019,"USA, Japan","Comedy, Horror, Mystery, Sci-Fi, Thriller",N/A,Universal Pictures,PG-13,57,6.2,"39,436"
tt2386278,Haunt,movie,2014,USA,"Horror, Mystery, Romance",N/A,IFC Films,R,33,5.2,"7,534"
NA,NA,NA,NA,NA,NA,NA,NA,NA,NA,NA,NA
tt7958736,Ma,movie,2019,"USA, Japan","Horror, Thriller",N/A,Universal Pictures,R,53,5.6,"21,882"
tt8772262,Midsommar,movie,2019,"USA, Sweden, Hungary","Drama, Horror, Mystery, Thriller",N/A,A24,R,72,7.3,"72,380"
tt0098084,Pet Sematary,movie,1989,USA,"Horror, Thriller",1 win & 5 nominations.,Paramount Home Video,R,38,6.6,"87,757"
tt4504044,The Prodigy,movie,2019,"USA, Canada","Horror, Thriller",N/A,N/A,R,45,5.9,"16,365"
tt7798634,Ready or Not,movie,2019,"Canada, USA","Comedy, Horror, Mystery, Thriller",N/A,Fox Searchlight Pictures,R,64,7.1,"19,898"
tt3387520,Scary Stories to Tell in the Dark,movie,2019,"USA, Canada","Horror, Mystery, Thriller",N/A,CBS Films and Lionsgate,PG-13,61,6.2,"30,201"
tt6560164,Sweetheart,movie,2019,USA,"Horror, Thriller",N/A,Blumhouse,PG-13,N/A,5.4,880
tt4913966,The Curse of La Llorona,movie,2019,USA,"Horror, Mystery, Thriller",N/A,New Line Cinema,R,41,5.4,"25,749"
NA,NA,NA,NA,NA,NA,NA,NA,NA,NA,NA,NA
tt6857112,Us,movie,2019,USA,"Drama, Horror, Mystery, Thriller",N/A,Universal Pictures,R,81,6.9,"157,509"
tt7043012,Velvet Buzzsaw,movie,2019,USA,"Horror, Mystery, Thriller",N/A,N/A,R,61,5.7,"44,283"
tt1379722,Happy Town,series,2010,USA,"Drama, Fantasy, Mystery, Thriller",1 nomination.,NA,N/A,N/A,7.0,"3,064"
tt1519931,Haven,series,2010–2015,"Canada, USA","Crime, Drama, Fantasy, Horror, Mystery, Sci-Fi, Thriller",1 win & 18 nominations.,NA,N/A,N/A,7.6,"33,500"
tt1685401,Highschool of the Dead,series,2010,Japan,"Animation, Action, Drama, Horror, Romance, Thriller",N/A,NA,TV-MA,N/A,7.3,"9,671"
tt2016670,Shiki,series,2010–,Japan,"Animation, Drama, Horror, Mystery, Thriller",1 nomination.,NA,TV-MA,N/A,7.7,"2,289"
tt1429449,Lost Girl,series,2010–2016,Canada,"Drama, Fantasy",2 wins & 13 nominations.,NA,TV-MA,N/A,7.7,"27,290"
tt1558128,Todd and the Book of Pure Evil,series,2010–,Canada,"Comedy, Horror, Sci-Fi",14 wins & 25 nominations.,NA,TV-MA,N/A,8.1,"3,245"
NA,NA,NA,NA,NA,NA,NA,NA,NA,NA,NA,NA
tt1520211,The Walking Dead,series,2010–,USA,"Drama, Horror, Thriller",Nominated for 1 Golden Globe. Another 67 wins & 190 nominations.,NA,TV-MA,N/A,8.3,"804,651"
tt1829850,Becoming Human,series,2011–,UK,"Comedy, Drama, Fantasy",2 nominations.,NA,N/A,N/A,7.6,272
tt2433570,Unsealed: Alien Files,series,2012–,USA,"Documentary, History, Sci-Fi",N/A,NA,N/A,N/A,6.6,673
tt1844624,American Horror Story,series,2011–,USA,"Drama, Horror, Thriller",Won 2 Golden Globes. Another 111 wins & 317 nominations.,NA,TV-MA,N/A,8.1,"256,883"
NA,NA,NA,NA,NA,NA,NA,NA,NA,NA,NA,NA
NA,NA,NA,NA,NA,NA,NA,NA,NA,NA,NA,NA
tt1595680,Being Human,series,2011–2014,"Canada, USA","Drama, Fantasy, Horror",5 wins & 16 nominations.,NA,TV-14,N/A,7.5,"23,585"
tt1890725,Blood-C,series,2011–,Japan,"Animation, Action, Fantasy, Horror, Mystery, Thriller",N/A,NA,TV-MA,N/A,6.3,895
tt1909447,Deadman Wonderland,series,2011,Japan,"Animation, Action, Drama, Horror, Thriller",1 win & 3 nominations.,NA,TV-MA,N/A,7.3,"7,870"
tt1835129,Death Valley,series,2011,USA,"Comedy, Horror",1 win.,NA,TV-14,N/A,7.8,"4,919"
tt2268019,The Strange Calls,series,2012–,Australia,Comedy,1 nomination.,NA,N/A,N/A,7.5,497
NA,NA,NA,NA,NA,NA,NA,NA,NA,NA,NA,NA
NA,NA,NA,NA,NA,NA,NA,NA,NA,NA,NA,NA
tt1872328,Gosick,series,2011–,Japan,"Animation, Comedy, Drama, Mystery, Romance",N/A,NA,TV-MA,N/A,7.4,803
NA,NA,NA,NA,NA,NA,NA,NA,NA,NA,NA,NA
tt1567432,Teen Wolf,series,2011–2017,USA,"Action, Drama, Fantasy, Romance, Thriller",19 wins & 33 nominations.,NA,TV-14,N/A,7.6,"117,763"
tt1837654,The Secret Circle,series,2011–2012,"USA, Canada","Drama, Fantasy, Horror, Romance",1 win & 2 nominations.,NA,TV-14,N/A,7.3,"43,776"
tt0409645,Yokai ningen bem,series,1968–1969,Japan,Horror,N/A,NA,N/A,N/A,7.7,32
tt1830617,Grimm,series,2011–2017,USA,"Drama, Fantasy, Horror, Mystery",Nominated for 2 Primetime Emmys. Another 1 win & 15 nominations.,NA,TV-14,N/A,7.8,"104,124"
tt2085059,Black Mirror,series,2011–,UK,"Drama, Sci-Fi, Thriller",Won 2 Primetime Emmys. Another 13 wins & 43 nominations.,NA,TV-MA,N/A,8.8,"361,581"
tt1841108,Femme Fatales,series,2011–2012,USA,"Crime, Drama, Mystery, Romance, Thriller",N/A,NA,TV-14,N/A,5.9,"1,369"
tt2176165,Another,series,2012,Japan,"Animation, Drama, Horror, Mystery",N/A,NA,TV-14,N/A,7.6,"8,717"
tt8836830,Bhairavi: Aavigalukku Priyamanaval,series,2012–2017,India,N/A,N/A,NA,N/A,N/A,N/A,N/A
tt1865718,Gravity Falls,series,2012–2016,USA,"Animation, Short, Action, Adventure, Comedy, Family, Fantasy, Mystery, Sci-Fi",Won 2 Primetime Emmys. Another 11 wins & 33 nominations.,NA,TV-Y7,N/A,8.9,"57,673"
tt1836195,The River,series,2012,USA,"Adventure, Fantasy, Horror, Mystery, Sci-Fi",Nominated for 2 Primetime Emmys. Another 2 nominations.,NA,TV-14,N/A,6.8,"15,794"
tt2014681,Holliston,series,2012–,USA,"Comedy, Horror, Romance",N/A,NA,N/A,N/A,7.2,709
tt2329220,Btooom!,series,2012–,Japan,"Animation, Action, Drama, Romance, Sci-Fi, Thriller",N/A,NA,TV-MA,N/A,7.2,"2,695"
tt2197797,666 Park Avenue,series,2012–2013,USA,"Drama, Fantasy, Mystery, Sci-Fi, Thriller",2 nominations.,NA,N/A,N/A,6.8,"16,866"
NA,NA,NA,NA,NA,NA,NA,NA,NA,NA,NA,NA
tt2358568,Shi to kanojo to boku,movie,2012,Japan,Romance,N/A,N/A,N/A,N/A,N/A,N/A
tt0092850,Deadtime Stories,movie,1986,USA,"Comedy, Horror",N/A,Continental Home Video,R,N/A,4.7,"1,346"
tt2521668,The Returned,series,2012–,France,"Drama, Fantasy, Horror, Mystery",3 wins & 4 nominations.,NA,TV-MA,N/A,8.2,"18,535"
tt2183641,Ripper Street,series,2012–2016,"UK, Ireland","Crime, Drama, Mystery",10 wins & 24 nominations.,NA,TV-MA,N/A,8.1,"17,990"
tt3038700,Cassandra: Warrior Angel,series,2013–,Philippines,Fantasy,N/A,NA,N/A,N/A,N/A,N/A
tt3120568,Darknet,series,2013–,Canada,"Horror, Thriller",1 win & 1 nomination.,NA,N/A,N/A,7.5,"1,931"
NA,NA,NA,NA,NA,NA,NA,NA,NA,NA,NA,NA
tt2480514,In the Flesh,series,2013–2014,UK,"Drama, Horror",4 wins & 4 nominations.,NA,N/A,N/A,8.0,"12,217"
tt2188671,Bates Motel,series,2013–2017,USA,"Drama, Horror, Mystery, Thriller",Nominated for 3 Primetime Emmys. Another 5 wins & 61 nominations.,NA,TV-MA,N/A,8.2,"89,690"
tt0212985,Hannibal,movie,2001,"USA, UK, Italy","Crime, Drama, Thriller",8 wins & 17 nominations.,MGM,R,57,6.8,"240,504"
tt4000116,Garo: Yami o Terasu Mono,series,2013–,Japan,Action,N/A,NA,N/A,N/A,6.6,10
tt2309295,Hemlock Grove,series,2013–2015,USA,"Horror, Mystery, Thriller",Nominated for 2 Primetime Emmys. Another 3 nominations.,NA,TV-MA,N/A,7.2,"34,914"
tt0162661,Sleepy Hollow,movie,1999,"USA, Germany","Fantasy, Horror, Mystery",Won 1 Oscar. Another 23 wins & 39 nominations.,Paramount Pictures,R,65,7.3,"310,057"
tt2632424,The Originals,series,2013–2018,USA,"Drama, Fantasy, Horror, Mystery",Nominated for 1 Primetime Emmy. Another 6 nominations.,NA,TV-14,N/A,8.2,"107,825"
tt2799012,Ravenswood,series,2013–2014,USA,"Drama, Horror",N/A,NA,N/A,N/A,6.5,"8,085"
tt1270767,Higanjima,movie,2009,"South Korea, Japan",Horror,1 nomination.,N/A,N/A,N/A,5.4,644
tt0021814,Dracula,movie,1931,USA,"Fantasy, Horror",3 wins & 3 nominations.,Universal Pictures,Passed,N/A,7.5,"42,233"
tt3358248,Pupipo!,series,2013–,Japan,Animation,N/A,NA,N/A,N/A,6.9,28
NA,NA,NA,NA,NA,NA,NA,NA,NA,NA,NA,NA
tt2788518,Spooksville,series,2013–2014,"Canada, USA","Action, Adventure, Fantasy",3 wins & 23 nominations.,NA,TV-PG,N/A,7.6,580
tt2365946,Bitten,series,2014–2016,Canada,"Drama, Fantasy, Horror, Mystery",1 win & 6 nominations.,NA,TV-MA,N/A,7.1,"14,869"
tt2674806,Inside No. 9,series,2014–,UK,"Comedy, Drama, Horror",3 wins & 1 nomination.,NA,TV-MA,N/A,8.4,"9,276"
tt3337194,From Dusk Till Dawn: The Series,series,2014–2016,USA,"Action, Crime, Horror",5 nominations.,NA,TV-MA,N/A,6.9,"17,918"
NA,NA,NA,NA,NA,NA,NA,NA,NA,NA,NA,NA
tt2758950,Helix,series,2014–2015,"USA, Canada","Drama, Horror, Mystery, Sci-Fi, Thriller",1 nomination.,NA,TV-PG,N/A,6.8,"27,558"
tt3990694,M3 the Dark Metal,series,2014,Japan,"Animation, Fantasy, Horror",N/A,NA,N/A,N/A,8.4,5
tt2963254,Salem,series,2014–2017,USA,"Drama, Fantasy, Horror, Thriller",14 nominations.,NA,TV-MA,N/A,7.1,"21,018"
tt3358020,Parasyte: The Maxim,series,2014–2015,Japan,"Animation, Action, Horror, Romance, Sci-Fi, Thriller",1 win & 3 nominations.,NA,TV-MA,N/A,8.4,"18,597"
tt2628232,Penny Dreadful,series,2014–2016,"Ireland, UK, USA","Drama, Fantasy, Horror",Nominated for 1 Golden Globe. Another 14 wins & 83 nominations.,NA,TV-MA,N/A,8.2,"103,624"
tt3185682,Pupa,series,2014–,Japan,"Animation, Short, Horror, Thriller",N/A,NA,N/A,N/A,2.8,302
tt4433646,Terra Formars,movie,2016,Japan,"Action, Horror, Sci-Fi",N/A,N/A,Not Rated,N/A,4.7,"1,603"
tt3741634,Tokyo Ghoul,series,2014,Japan,"Animation, Action, Drama, Fantasy, Horror, Thriller",1 win.,NA,TV-MA,N/A,7.9,"27,775"
tt2654620,The Strain,series,2014–2017,USA,"Drama, Horror, Thriller",2 wins & 26 nominations.,NA,TV-MA,N/A,7.3,"72,163"
tt4529820,In Search of Aliens,series,2014–,USA,Documentary,N/A,NA,N/A,N/A,7.3,371
tt1634121,Intruders,movie,2011,"USA, UK, Spain","Fantasy, Horror, Thriller",1 win & 5 nominations.,Millennium Entertainment,R,45,5.4,"19,530"
tt3843168,Z Nation,series,2014–2018,USA,"Action, Comedy, Drama, Horror, Sci-Fi",N/A,NA,TV-14,N/A,6.7,"30,218"
tt0360486,Constantine,movie,2005,"USA, Germany","Action, Fantasy, Horror, Mystery",2 wins & 9 nominations.,Warner Bros. Pictures,R,50,7.0,"284,322"
tt1220214,Heartless,movie,2009,UK,"Drama, Fantasy, Horror",6 wins & 1 nomination.,Lionsgate,N/A,58,6.0,"9,628"
tt5680206,Darr Sabko Lagta Hai,series,2015–,India,Horror,N/A,NA,N/A,N/A,N/A,N/A
NA,NA,NA,NA,NA,NA,NA,NA,NA,NA,NA,NA
tt3498622,Fortitude,series,2015–2018,UK,"Drama, Horror, Mystery, Thriller",2 wins & 2 nominations.,NA,TV-MA,N/A,7.4,"18,069"
tt2521668,The Returned,series,2012–,France,"Drama, Fantasy, Horror, Mystery",3 wins & 4 nominations.,NA,TV-MA,N/A,8.2,"18,535"
tt3501584,iZombie,series,2015–2019,USA,"Comedy, Crime, Drama, Horror",1 win & 7 nominations.,NA,TV-14,N/A,7.9,"56,132"
NA,NA,NA,NA,NA,NA,NA,NA,NA,NA,NA,NA
tt2618986,Wayward Pines,series,2015–2016,USA,"Drama, Mystery, Sci-Fi, Thriller",2 wins & 9 nominations.,NA,TV-14,N/A,7.4,"49,319"
tt3487410,The Whispers,series,2015,USA,"Drama, Horror, Mystery, Sci-Fi, Thriller",Nominated for 1 Primetime Emmy. Another 3 nominations.,NA,TV-14,N/A,7.2,"9,998"
tt0117571,Scream,movie,1996,USA,"Horror, Mystery",7 wins & 8 nominations.,Miramax Films,R,65,7.2,"265,806"
tt3743822,Fear the Walking Dead,series,2015–,USA,"Drama, Horror, Sci-Fi, Thriller",15 nominations.,NA,TV-MA,N/A,6.9,"104,016"
tt4145384,Scream Queens,series,2015–2016,USA,"Comedy, Horror, Mystery",Nominated for 1 Golden Globe. Another 3 wins & 18 nominations.,NA,TV-14,N/A,7.1,"32,185"
tt5419220,Kagewani,series,2015–,Japan,"Animation, Short, Horror",N/A,NA,N/A,N/A,6.2,38
tt4189022,Ash vs Evil Dead,series,2015–2018,USA,"Action, Comedy, Fantasy, Horror",9 wins & 18 nominations.,NA,TV-MA,N/A,8.5,"59,097"
tt4147780,South of Hell,series,2015–,USA,"Drama, Fantasy, Horror, Thriller",N/A,NA,N/A,N/A,5.4,"1,413"
tt5189670,Making a Murderer,series,2015–,USA,"Documentary, Crime",Won 4 Primetime Emmys. Another 9 wins & 11 nominations.,NA,TV-14,N/A,8.6,"79,488"
tt5079104,Re-Kan!,series,2015–,Japan,"Animation, Comedy, Fantasy",N/A,NA,TV-14,N/A,4.5,39
tt5105452,School-Live!,series,2015–,Japan,"Animation, Drama, Horror, Mystery",N/A,NA,TV-14,N/A,7.2,414
NA,NA,NA,NA,NA,NA,NA,NA,NA,NA,NA,NA
NA,NA,NA,NA,NA,NA,NA,NA,NA,NA,NA,NA
tt4145054,Shadowhunters,series,2016–2019,USA,"Action, Drama, Fantasy, Romance",4 wins & 5 nominations.,NA,TV-14,N/A,6.6,"47,456"
tt6215712,Ajin: Demi-Human,movie,2017,Japan,"Action, Horror, Mystery",N/A,N/A,N/A,N/A,6.5,"1,130"
tt4052886,Lucifer,series,2015–,USA,"Crime, Drama, Fantasy",6 nominations.,NA,TV-14,N/A,8.2,"169,407"
tt4667888,Slasher,series,2016–,"Canada, UK, USA","Drama, Horror, Mystery",1 win & 3 nominations.,NA,Not Rated,N/A,6.7,"9,425"
tt4337944,Damien,series,2016,USA,"Drama, Horror",1 nomination.,NA,N/A,N/A,6.9,"6,949"
tt4539954,Houdini and Doyle,series,2016,"Canada, UK","Crime, Drama, Fantasy, Mystery",N/A,NA,TV-14,N/A,7.4,"2,483"
NA,NA,NA,NA,NA,NA,NA,NA,NA,NA,NA,NA
NA,NA,NA,NA,NA,NA,NA,NA,NA,NA,NA,NA
tt4878326,Wynonna Earp,series,2016–,"Canada, USA","Action, Drama, Fantasy, Mystery, Thriller, Western",2 wins & 7 nominations.,NA,TV-14,N/A,7.4,"15,307"
tt0416315,Wolf Creek,movie,2005,Australia,"Horror, Thriller",3 wins & 26 nominations.,Weinstein Company,R,54,6.2,"64,352"
tt4229954,Outcast,series,2016–2017,USA,"Drama, Horror",4 nominations.,NA,TV-MA,N/A,7.4,"17,161"
tt5016504,Preacher,series,2016–2019,N/A,"Adventure, Drama, Fantasy, Horror, Mystery",6 nominations.,NA,TV-MA,N/A,8.0,"61,921"
tt4877736,BrainDead,series,2016,USA,"Comedy, Drama, Horror, Sci-Fi, Thriller",N/A,NA,TV-14,N/A,8.1,"9,354"
tt5257744,American Gothic,series,2016,USA,"Crime, Drama, Mystery, Thriller",N/A,NA,N/A,N/A,6.7,"3,973"
tt5210998,Dead of Summer,series,2016,USA,"Drama, Fantasy, Horror, Mystery, Thriller",1 win & 1 nomination.,NA,N/A,N/A,6.2,"4,066"
tt4928166,The Living and the Dead,series,2016,UK,"Drama, Horror, Thriller",3 nominations.,NA,TV-14,N/A,7.5,"2,878"
tt4574334,Stranger Things,series,2016–,USA,"Drama, Fantasy, Horror, Mystery, Sci-Fi, Thriller",Nominated for 4 Golden Globes. Another 32 wins & 114 nominations.,NA,TV-14,N/A,8.8,"674,756"
tt5788812,Crow's Blood,series,2016–,Japan,"Drama, Horror, Sci-Fi, Thriller",N/A,NA,N/A,N/A,6.8,143
tt0338526,Van Helsing,movie,2004,"USA, Czech Republic, Romania","Action, Adventure, Fantasy",3 wins & 20 nominations.,N/A,PG-13,35,6.1,"232,486"
tt0070047,The Exorcist,movie,1973,USA,Horror,Won 2 Oscars. Another 14 wins & 17 nominations.,Warner Bros. Pictures,R,81,8.0,"341,873"
tt4581576,Aftermath,movie,2017,"USA, UK","Drama, Thriller",N/A,Lionsgate Premiere,R,44,5.7,"18,862"
tt4820370,Channel Zero,series,2016–2018,USA,"Drama, Horror, Mystery, Thriller",7 nominations.,NA,TV-14,N/A,7.2,"7,686"
tt6038584,Crazyhead,series,2016,UK,"Comedy, Horror",2 wins.,NA,N/A,N/A,7.4,"3,740"
tt5722214,Stan Against Evil,series,2016–2018,USA,"Comedy, Fantasy, Horror",N/A,NA,TV-14,N/A,7.3,"4,332"
tt1734135,Trollhunters: Tales of Arcadia,series,2016–2018,"USA, Mexico","Animation, Short, Action, Adventure, Comedy, Family, Fantasy",14 wins & 14 nominations.,NA,TV-Y7,N/A,8.5,"10,875"
tt5444412,Bunnicula,series,2016–,"USA, Philippines, India, UK","Animation, Comedy, Family, Fantasy, Horror",1 nomination.,NA,TV-Y,N/A,7.2,350
tt5580540,Santa Clarita Diet,series,2017–2019,USA,"Comedy, Horror",N/A,NA,TV-MA,N/A,7.8,"49,813"
tt5464086,"Midnight, Texas",series,2017–2018,USA,"Drama, Fantasy, Mystery",N/A,NA,TV-14,N/A,7.4,"11,401"
tt0884328,The Mist,movie,2007,USA,"Horror, Sci-Fi",6 wins & 11 nominations.,The Weinstein Company,R,58,7.1,"265,061"
tt6517102,Castlevania,series,2017–,USA,"Animation, Action, Adventure, Fantasy, Horror",1 nomination.,NA,TV-MA,N/A,8.1,"25,663"
tt2306775,The Better Half,movie,2015,USA,"Comedy, Drama, Family, Fantasy, Romance",1 win & 1 nomination.,Bette Spaghetti Productions,N/A,N/A,5.4,74
tt5290382,Mindhunter,series,2017–,USA,"Crime, Drama, Thriller",1 win & 7 nominations.,NA,TV-MA,N/A,8.6,"161,994"
tt4858114,Hotel Transylvania: The Series,series,2017–,"USA, Canada","Animation, Comedy, Family, Fantasy, Horror",N/A,NA,TV-Y7,N/A,5.2,428
tt0096708,Tales from the Crypt,series,1989–1996,USA,"Comedy, Crime, Fantasy, Horror, Thriller",Nominated for 7 Primetime Emmys. Another 14 wins & 34 nominations.,NA,TV-MA,N/A,8.0,"19,742"
tt2759976,Time of Death,movie,2013,Canada,Thriller,1 win & 2 nominations.,N/A,N/A,N/A,5.8,326
tt0057181,The Incredibly Strange Creatures Who Stopped Living and Became Mixed-Up Zombies!!?,movie,1964,USA,Horror,N/A,Fairway International,Not Rated,N/A,2.3,"4,427"
tt2708480,The Terror,series,2018–,USA,"Adventure, Drama, History, Horror, Thriller",N/A,NA,TV-14,N/A,8.0,"31,433"
tt4898282,Blood Drive,series,2017,USA,"Action, Adventure, Comedy, Horror, Sci-Fi, Thriller",N/A,NA,TV-MA,N/A,7.3,"5,006"
tt5711280,Electric Dreams,series,2017–,"UK, USA",Sci-Fi,2 nominations.,NA,TV-MA,N/A,7.3,"10,868"
tt7010622,Vampirina,series,2017–,"Ireland, USA","Animation, Short, Comedy, Family, Fantasy, Musical",N/A,NA,TV-Y,N/A,7.0,467
tt5038900,Legend Quest,series,2017–,Mexico,"Animation, Adventure, Comedy, Fantasy, Mystery",N/A,NA,N/A,N/A,7.4,336
tt6053538,Ghosted,series,2017,USA,"Comedy, Crime, Horror, Mystery, Sci-Fi, Thriller",N/A,NA,TV-PG,N/A,6.3,"5,195"
tt7573024,Creeped Out,series,2017–,"UK, Canada","Fantasy, Horror, Mystery, Sci-Fi, Thriller",N/A,NA,TV-Y7,N/A,6.6,881
tt1648190,The Dark Tower,movie,2017,USA,"Action, Adventure, Fantasy, Horror, Sci-Fi, Western",3 nominations.,Sony Pictures,PG-13,34,5.6,"115,141"
tt0371922,Saaya,movie,2003,India,"Drama, Fantasy, Mystery, Romance, Thriller",N/A,N/A,N/A,N/A,5.8,783
tt4354880,Mr. Mercedes,series,2017–,USA,"Mystery, Sci-Fi, Thriller",3 nominations.,NA,TV-MA,N/A,7.9,"12,895"
tt5798078,Dimension 404,series,2017–,USA,"Adventure, Comedy, Drama, Horror, Mystery, Romance, Sci-Fi",3 nominations.,NA,TV-14,N/A,6.6,"1,923"
tt5780592,Locke and Key,series,2016–,USA,Fantasy,N/A,NA,N/A,N/A,N/A,N/A
tt0320691,Underworld,movie,2003,"USA, UK, Germany, Hungary","Action, Fantasy, Thriller",1 win & 9 nominations.,Sony Screen Gems,R,42,7.0,"242,295"
tt8427140,Into the Dark,series,2018–,USA,"Horror, Thriller",N/A,NA,TV-MA,N/A,6.3,"2,371"
tt0100814,Tremors,movie,1990,USA,"Comedy, Horror",5 nominations.,MCA/Universal Pictures,PG-13,65,7.1,"110,483"
tt0093437,The Lost Boys,movie,1987,USA,"Comedy, Horror",3 wins & 5 nominations.,Warner Bros. Pictures,R,63,7.3,"114,690"
NA,NA,NA,NA,NA,NA,NA,NA,NA,NA,NA,NA
tt1139797,Let the Right One In,movie,2008,Sweden,"Drama, Horror, Romance",Nominated for 1 BAFTA Film Award. Another 72 wins & 51 nominations.,Magnet/Magnolia Pictures,R,82,7.9,"197,440"
tt0088478,Amazing Stories,series,1985–1987,USA,"Adventure, Comedy, Drama, Fantasy, Horror, Mystery, Sci-Fi, Thriller",Won 5 Primetime Emmys. Another 3 wins & 11 nominations.,NA,PG,N/A,7.4,"4,618"
tt0052520,The Twilight Zone,series,1959–1964,USA,"Drama, Fantasy, Horror, Mystery, Sci-Fi, Thriller",Won 1 Golden Globe. Another 8 wins & 12 nominations.,NA,TV-PG,N/A,9.0,"63,947"
tt1733139,Hack/Slash,movie,2018,USA,"Animation, Action, Horror",N/A,N/A,N/A,N/A,N/A,N/A
tt5194792,NOS4A2,series,2019–,USA,"Drama, Fantasy, Horror, Mystery",N/A,NA,TV-14,N/A,6.7,"4,274"
tt1996310,Lore,movie,2012,"Germany, Australia, UK","Drama, Romance, War",34 wins & 35 nominations.,Music Box Films,Not Rated,76,7.1,"13,561"
tt0076590,Rabid,movie,1977,Canada,"Horror, Sci-Fi",2 wins.,New Concorde Home Entertainment,R,N/A,6.3,"14,040"
NA,NA,NA,NA,NA,NA,NA,NA,NA,NA,NA,NA
tt6159492,Nightmare Time,movie,2016,USA,"Comedy, Horror",N/A,N/A,N/A,N/A,N/A,N/A
tt0105121,The People Under the Stairs,movie,1991,USA,"Comedy, Horror, Mystery, Thriller",2 wins & 7 nominations.,Universal Pictures,R,N/A,6.4,"29,098"
tt6548228,Castle Rock,series,2018–,USA,"Drama, Fantasy, Horror, Mystery, Sci-Fi, Thriller",N/A,NA,TV-MA,N/A,7.7,"27,867"
NA,NA,NA,NA,NA,NA,NA,NA,NA,NA,NA,NA
tt1074206,The Passage,series,2019,USA,"Action, Adventure, Drama, Fantasy, Horror, Sci-Fi, Thriller",N/A,NA,TV-14,N/A,7.4,"8,854"
tt6763664,The Haunting of Hill House,series,2018–,USA,"Drama, Horror, Mystery, Thriller",N/A,NA,TV-MA,N/A,8.7,"127,570"
tt8250240,Magical Girl Site,series,2018–,Japan,"Animation, Action, Drama, Fantasy, Horror",N/A,NA,Not Rated,N/A,5.3,146
tt6905686,Lovecraft Country,series,2019–,USA,"Drama, Fantasy, Horror, Mystery, Sci-Fi, Thriller",N/A,NA,N/A,N/A,N/A,N/A
tt0489974,Carnival Row,series,2019–,USA,"Crime, Drama, Fantasy, Mystery, Thriller",N/A,NA,TV-MA,N/A,8.0,"25,409"
tt0084745,Swamp Thing,movie,1982,USA,"Horror, Sci-Fi",1 nomination.,Nelson Entertainment,PG,50,5.4,"12,083"
NA,NA,NA,NA,NA,NA,NA,NA,NA,NA,NA,NA
tt5780592,Locke and Key,series,2016–,USA,Fantasy,N/A,NA,N/A,N/A,N/A,N/A
tt0100260,Nightbreed,movie,1990,"UK, Canada, USA","Action, Fantasy, Horror",7 wins & 4 nominations.,WARNER BROTHERS PICTURES,R,40,6.6,"17,963"
